 hhid  ,treatment,visit,concatenated,all_conc,ecm_type
33016,R,BL,RBL,306.05,Gravimetric
33016,R,P1,RP1,233.22,Gravimetric
33016,R,P2,RP2,181.51,Gravimetric
33026,Q,BL,QBL,242.85,Gravimetric
33026,Q,P2,QP2,23.44,Gravimetric
33027,R,BL,RBL,372.99,Gravimetric
33029,R,BL,RBL,73.86,Gravimetric
33029,R,P1,RP1,112.21,Gravimetric
33029,R,P2,RP2,63.18,Gravimetric
33038,R,BL,RBL,142.89,Gravimetric
33038,R,P1,RP1,95.98,Gravimetric
33038,R,P2,RP2,169.92,Gravimetric
33042,R,BL,RBL,52.36,Gravimetric
33042,R,P1,RP1,36.76,Gravimetric
33042,R,P2,RP2,126.79,Gravimetric
33058,R,BL,RBL,145.58,Gravimetric
33058,R,P1,RP1,246.88,Gravimetric
33058,R,P2,RP2,125.82,Gravimetric
33067,Q,BL,QBL,317.52,Gravimetric
33067,Q,P1,QP1,35.04,Gravimetric
33067,Q,P2,QP2,19.14,Gravimetric
33081,Q,BL,QBL,125.64,Gravimetric
33081,Q,P1,QP1,16.35,Gravimetric
33081,Q,P2,QP2,21.75,Gravimetric
33089,Q,BL,QBL,129.88,Gravimetric
33089,Q,P1,QP1,9.71,Gravimetric
33089,Q,P2,QP2,10.58,Gravimetric
33103,Q,BL,QBL,172.88,Gravimetric
33103,Q,P1,QP1,48.38,Gravimetric
33129,R,BL,RBL,136.68,Gravimetric
33129,R,P1,RP1,70.42,Gravimetric
33129,R,P2,RP2,158.53,Gravimetric
33141,R,BL,RBL,40.75,Gravimetric
33141,R,P1,RP1,154.31,Gravimetric
33141,R,P2,RP2,160.11,Gravimetric
33147,Q,P2,QP2,19.53,Gravimetric
33152,Q,BL,QBL,41.23,Gravimetric
33152,Q,P1,QP1,24.41,Gravimetric
33167,Q,BL,QBL,79.03,Gravimetric
33167,Q,P1,QP1,16.46,Gravimetric
33169,R,P1,RP1,171.17,Gravimetric
33169,R,P2,RP2,85.22,Gravimetric
33176,R,BL,RBL,172.26,Gravimetric
33176,R,P1,RP1,56.85,Gravimetric
33176,R,P2,RP2,54.44,Gravimetric
33180,R,BL,RBL,132.22,Gravimetric
33180,R,P1,RP1,104.54,Gravimetric
33180,R,P2,RP2,108.24,Gravimetric
33191,Q,BL,QBL,153.28,Gravimetric
33191,Q,P1,QP1,24.24,Gravimetric
33195,R,BL,RBL,85.00,Gravimetric
33195,R,P2,RP2,32.33,Gravimetric
33199,Q,BL,QBL,144.07,Gravimetric
33199,Q,P1,QP1,35.49,Gravimetric
33199,Q,P2,QP2,34.52,Gravimetric
33209,Q,P2,QP2,11.81,Gravimetric
33226,R,BL,RBL,290.07,Gravimetric
33226,R,BLP1,RBLP1,64.10,Gravimetric
33226,R,P1P2,RP1P2,52.76,Gravimetric
33226,R,P2,RP2,42.57,Gravimetric
33226,R,P2B1,RP2B1,37.71,Gravimetric
33227,R,BLP1,RBLP1,203.50,Gravimetric
33227,R,P1P2,RP1P2,217.77,Gravimetric
33227,R,P2B1,RP2B1,163.32,Gravimetric
33228,R,P1,RP1,80.81,Gravimetric
33235,R,P1,RP1,103.49,Gravimetric
33235,R,P2,RP2,86.59,Gravimetric
33242,R,BL,RBL,127.65,Gravimetric
33242,R,P1,RP1,82.93,Gravimetric
33242,R,P2,RP2,61.09,Gravimetric
33244,Q,BLP1,QBLP1,26.16,Gravimetric
33244,Q,P1P2,QP1P2,11.85,Gravimetric
33244,Q,P2B1,QP2B1,11.84,Gravimetric
33246,R,P2,RP2,222.03,Gravimetric
33247,R,BL,RBL,92.90,Gravimetric
33247,R,P2,RP2,151.34,Gravimetric
33248,Q,BLP1,QBLP1,79.70,Gravimetric
33252,R,BLP1,RBLP1,203.79,Gravimetric
33252,R,P1P2,RP1P2,286.99,Gravimetric
33252,R,P2B1,RP2B1,427.60,Gravimetric
33260,R,P1,RP1,43.73,Gravimetric
33260,R,P2,RP2,205.42,Gravimetric
33263,R,BL,RBL,83.72,Gravimetric
33263,R,P1,RP1,67.45,Gravimetric
33263,R,P2,RP2,37.57,Gravimetric
33269,Q,P1,QP1,16.30,Gravimetric
33277,R,P1,RP1,60.80,Gravimetric
33286,R,BL,RBL,601.40,Gravimetric
33286,R,P2,RP2,431.78,Gravimetric
33287,Q,BLP1,QBLP1,35.92,Gravimetric
33287,Q,P1P2,QP1P2,11.93,Gravimetric
33288,Q,P1,QP1,10.67,Gravimetric
33288,Q,P2,QP2,15.93,Gravimetric
33294,R,P2,RP2,166.44,Gravimetric
33296,R,BLP1,RBLP1,51.68,Gravimetric
33296,R,P1P2,RP1P2,341.24,Gravimetric
33296,R,P2B1,RP2B1,129.72,Gravimetric
33298,Q,BLP1,QBLP1,40.27,Gravimetric
33298,Q,P1P2,QP1P2,45.71,Gravimetric
33298,Q,P2B1,QP2B1,11.73,Gravimetric
33301,Q,P2,QP2,34.63,Gravimetric
33303,Q,BLP1,QBLP1,109.50,Gravimetric
33303,Q,P1P2,QP1P2,51.57,Gravimetric
33308,R,BLP1,RBLP1,138.60,Gravimetric
33309,R,P1,RP1,136.21,Gravimetric
33309,R,P2,RP2,74.51,Gravimetric
33311,Q,BLP1,QBLP1,23.24,Gravimetric
33311,Q,P1P2,QP1P2,12.27,Gravimetric
33311,Q,P2B1,QP2B1,26.64,Gravimetric
33325,R,BLP1,RBLP1,175.23,Gravimetric
33325,R,P2B1,RP2B1,46.79,Gravimetric
33326,Q,P1,QP1,38.81,Gravimetric
33326,Q,P2,QP2,38.16,Gravimetric
33330,R,BLP1,RBLP1,95.24,Gravimetric
33330,R,P1P2,RP1P2,29.27,Gravimetric
33330,R,P2B1,RP2B1,47.77,Gravimetric
33334,R,P1,RP1,33.31,Gravimetric
33334,R,P2,RP2,43.07,Gravimetric
33336,Q,BLP1,QBLP1,11.62,Gravimetric
33336,Q,P1P2,QP1P2,26.73,Gravimetric
33336,Q,P2B1,QP2B1,11.77,Gravimetric
33337,Q,P1,QP1,10.78,Gravimetric
33353,R,P2,RP2,76.96,Gravimetric
33358,R,P2,RP2,69.15,Gravimetric
33363,R,BLP1,RBLP1,37.63,Gravimetric
33363,R,P1P2,RP1P2,21.38,Gravimetric
33363,R,P2B1,RP2B1,11.85,Gravimetric
33367,R,BLP1,RBLP1,138.32,Gravimetric
33367,R,P1P2,RP1P2,68.07,Gravimetric
33367,R,P2B1,RP2B1,112.37,Gravimetric
33370,Q,BLP1,QBLP1,18.53,Gravimetric
33370,Q,P1P2,QP1P2,38.19,Gravimetric
33370,Q,P2B1,QP2B1,18.73,Gravimetric
33383,Q,P1,QP1,17.35,Gravimetric
33383,Q,P2,QP2,20.13,Gravimetric
33387,R,BLP1,RBLP1,80.79,Gravimetric
33387,R,P1P2,RP1P2,349.27,Gravimetric
33387,R,P2B1,RP2B1,127.63,Gravimetric
33396,R,P1P2,RP1P2,128.09,Gravimetric
33396,R,P2B1,RP2B1,135.27,Gravimetric
33397,Q,BLP1,QBLP1,11.58,Gravimetric
33397,Q,P1P2,QP1P2,25.23,Gravimetric
33397,Q,P2B1,QP2B1,11.85,Gravimetric
33420,R,P2,RP2,43.36,Gravimetric
33432,Q,BLP1,QBLP1,57.29,Gravimetric
33444,Q,P2,QP2,24.23,Gravimetric
33447,Q,BLP1,QBLP1,11.63,Gravimetric
33447,Q,P1P2,QP1P2,11.91,Gravimetric
33447,Q,P2B1,QP2B1,26.82,Gravimetric
33452,Q,P1,QP1,18.66,Gravimetric
33457,R,BLP1,RBLP1,264.15,Gravimetric
33457,R,P1P2,RP1P2,226.11,Gravimetric
33459,Q,BLP1,QBLP1,36.15,Gravimetric
33459,Q,P1P2,QP1P2,21.64,Gravimetric
33459,Q,P2B1,QP2B1,26.76,Gravimetric
33470,R,P1P2,RP1P2,107.33,Gravimetric
33470,R,P2B1,RP2B1,255.19,Gravimetric
33475,Q,BLP1,QBLP1,19.07,Gravimetric
33475,Q,P2B1,QP2B1,33.04,Gravimetric
33484,R,P1P2,RP1P2,48.90,Gravimetric
33484,R,P2B1,RP2B1,67.21,Gravimetric
33489,R,P1,RP1,126.69,Gravimetric
33489,R,P2,RP2,346.33,Gravimetric
33493,Q,P1,QP1,10.89,Gravimetric
33495,R,P1,RP1,19.86,Gravimetric
33497,Q,BLP1,QBLP1,11.98,Gravimetric
33497,Q,P2B1,QP2B1,11.71,Gravimetric
33505,Q,BLP1,QBLP1,73.79,Gravimetric
33505,Q,P2,QP2,23.92,Gravimetric
33517,Q,P1,QP1,53.36,Gravimetric
33517,Q,P2,QP2,31.10,Gravimetric
33519,R,BLP1,RBLP1,216.12,Gravimetric
33519,R,P1P2,RP1P2,185.64,Gravimetric
33519,R,P2B1,RP2B1,276.64,Gravimetric
33521,R,P2,RP2,50.63,Gravimetric
33524,R,BLP1,RBLP1,91.25,Gravimetric
33524,R,P1P2,RP1P2,152.22,Gravimetric
33529,Q,P2,QP2,28.66,Gravimetric
33537,R,BLP1,RBLP1,75.45,Gravimetric
33537,R,P2B1,RP2B1,176.70,Gravimetric
33543,Q,BLP1,QBLP1,11.63,Gravimetric
33543,Q,P1P2,QP1P2,34.12,Gravimetric
33547,Q,P1,QP1,41.23,Gravimetric
33547,Q,P2,QP2,17.29,Gravimetric
33549,Q,P1P2,QP1P2,23.68,Gravimetric
33559,R,P1,RP1,54.42,Gravimetric
33562,R,P1,RP1,129.02,Gravimetric
33562,R,P2,RP2,230.87,Gravimetric
33568,Q,P2B1,QP2B1,19.78,Gravimetric
33570,Q,P1,QP1,27.33,Gravimetric
33570,Q,P2,QP2,14.40,Gravimetric
33570,Q,P2B1,QP2B1,24.07,Gravimetric
33573,R,BLP1,RBLP1,152.48,Gravimetric
33587,Q,P1,QP1,15.26,Gravimetric
35014,R,BL,RBL,119.31,Gravimetric
35014,R,P1,RP1,88.63,Gravimetric
35025,R,BL,RBL,153.66,Gravimetric
35032,R,BL,RBL,86.15,Gravimetric
35038,Q,P2,QP2,61.60,Gravimetric
35041,Q,BL,QBL,51.31,Gravimetric
35047,R,P1,RP1,17.70,Gravimetric
35053,R,BL,RBL,86.88,Gravimetric
35053,R,P1,RP1,92.35,Gravimetric
35053,R,P2,RP2,93.45,Gravimetric
35090,R,BLP1,RBLP1,27.22,Gravimetric
35090,R,P1P2,RP1P2,56.48,Gravimetric
35092,Q,P1,QP1,37.32,Gravimetric
35092,Q,P2,QP2,23.73,Gravimetric
35100,R,P1,RP1,79.24,Gravimetric
35100,R,P2,RP2,70.44,Gravimetric
35101,Q,P1,QP1,17.40,Gravimetric
35101,Q,P2,QP2,10.81,Gravimetric
35104,R,BLP1,RBLP1,176.08,Gravimetric
35104,R,P1P2,RP1P2,146.84,Gravimetric
35121,Q,BLP1,QBLP1,18.72,Gravimetric
35121,Q,P1P2,QP1P2,11.58,Gravimetric
35124,R,P1,RP1,238.26,Gravimetric
35128,R,P1,RP1,50.68,Gravimetric
35128,R,P2,RP2,26.72,Gravimetric
33016,R,BL,RBL,278.47,Gravimetric
33016,R,P1,RP1,259.47,Gravimetric
33016,R,P2,RP2,154.83,Gravimetric
33026,Q,BL,QBL,258.72,Gravimetric
33026,Q,P2,QP2,32.06,Gravimetric
33027,R,BL,RBL,399.76,Gravimetric
33029,R,BL,RBL,61.29,Gravimetric
33029,R,P1,RP1,56.66,Gravimetric
33029,R,P2,RP2,43.94,Gravimetric
33038,R,BL,RBL,128.44,Gravimetric
33038,R,P1,RP1,86.73,Gravimetric
33038,R,P2,RP2,197.74,Gravimetric
33042,R,BL,RBL,39.98,Gravimetric
33042,R,P1,RP1,43.66,Gravimetric
33042,R,P2,RP2,131.27,Gravimetric
33058,R,BL,RBL,135.30,Gravimetric
33058,R,P1,RP1,235.50,Gravimetric
33058,R,P2,RP2,129.79,Gravimetric
33067,Q,BL,QBL,320.01,Gravimetric
33067,Q,P1,QP1,40.47,Gravimetric
33067,Q,P2,QP2,10.67,Gravimetric
33081,Q,BL,QBL,107.45,Gravimetric
33081,Q,P1,QP1,15.26,Gravimetric
33081,Q,P2,QP2,23.09,Gravimetric
33089,Q,BL,QBL,116.03,Gravimetric
33089,Q,P1,QP1,19.40,Gravimetric
33089,Q,P2,QP2,10.46,Gravimetric
33103,Q,BL,QBL,178.82,Gravimetric
33103,Q,P1,QP1,47.65,Gravimetric
33129,R,BL,RBL,135.30,Gravimetric
33129,R,P1,RP1,72.25,Gravimetric
33129,R,P2,RP2,160.39,Gravimetric
33141,R,BL,RBL,41.44,Gravimetric
33141,R,P1,RP1,110.46,Gravimetric
33141,R,P2,RP2,170.41,Gravimetric
33147,Q,P2,QP2,15.24,Gravimetric
33152,Q,BL,QBL,30.52,Gravimetric
33152,Q,P1,QP1,19.04,Gravimetric
33167,Q,BL,QBL,77.48,Gravimetric
33167,Q,P1,QP1,10.85,Gravimetric
33169,R,P1,RP1,142.86,Gravimetric
33169,R,P2,RP2,73.06,Gravimetric
33176,R,BL,RBL,210.04,Gravimetric
33176,R,P1,RP1,48.81,Gravimetric
33176,R,P2,RP2,53.82,Gravimetric
33180,R,BL,RBL,143.87,Gravimetric
33180,R,P1,RP1,110.36,Gravimetric
33180,R,P2,RP2,122.38,Gravimetric
33191,Q,BL,QBL,94.98,Gravimetric
33191,Q,P1,QP1,46.09,Gravimetric
33195,R,BL,RBL,72.59,Gravimetric
33195,R,P2,RP2,55.84,Gravimetric
33199,Q,BL,QBL,122.30,Gravimetric
33199,Q,P1,QP1,29.01,Gravimetric
33199,Q,P2,QP2,30.02,Gravimetric
33209,Q,P2,QP2,10.59,Gravimetric
33226,R,BL,RBL,244.28,Gravimetric
33226,R,BLP1,RBLP1,57.25,Gravimetric
33226,R,P1P2,RP1P2,61.57,Gravimetric
33226,R,P2,RP2,47.22,Gravimetric
33226,R,P2B1,RP2B1,34.43,Gravimetric
33227,R,BLP1,RBLP1,11.85,Gravimetric
33227,R,P1P2,RP1P2,223.90,Gravimetric
33227,R,P2B1,RP2B1,150.30,Gravimetric
33228,R,P1,RP1,79.49,Gravimetric
33235,R,P1,RP1,109.61,Gravimetric
33235,R,P2,RP2,93.54,Gravimetric
33242,R,BL,RBL,130.02,Gravimetric
33242,R,P1,RP1,72.06,Gravimetric
33242,R,P2,RP2,52.04,Gravimetric
33244,Q,BLP1,QBLP1,20.71,Gravimetric
33244,Q,P1P2,QP1P2,12.08,Gravimetric
33244,Q,P2B1,QP2B1,21.83,Gravimetric
33246,R,P2,RP2,242.78,Gravimetric
33247,R,BL,RBL,131.61,Gravimetric
33247,R,P2,RP2,77.77,Gravimetric
33248,Q,BLP1,QBLP1,31.95,Gravimetric
33252,R,BLP1,RBLP1,160.83,Gravimetric
33252,R,P1P2,RP1P2,298.37,Gravimetric
33252,R,P2B1,RP2B1,486.12,Gravimetric
33260,R,P1,RP1,37.70,Gravimetric
33260,R,P2,RP2,179.21,Gravimetric
33263,R,BL,RBL,83.90,Gravimetric
33263,R,P1,RP1,79.43,Gravimetric
33263,R,P2,RP2,35.28,Gravimetric
33269,Q,P1,QP1,27.79,Gravimetric
33277,R,P1,RP1,48.33,Gravimetric
33286,R,BL,RBL,555.29,Gravimetric
33286,R,P2,RP2,399.31,Gravimetric
33287,Q,BLP1,QBLP1,25.89,Gravimetric
33287,Q,P1P2,QP1P2,11.93,Gravimetric
33288,Q,P1,QP1,23.81,Gravimetric
33288,Q,P2,QP2,19.59,Gravimetric
33294,R,P2,RP2,82.75,Gravimetric
33296,R,BLP1,RBLP1,50.33,Gravimetric
33296,R,P1P2,RP1P2,254.87,Gravimetric
33296,R,P2B1,RP2B1,140.63,Gravimetric
33298,Q,BLP1,QBLP1,34.69,Gravimetric
33298,Q,P1P2,QP1P2,55.55,Gravimetric
33298,Q,P2B1,QP2B1,11.99,Gravimetric
33301,Q,P2,QP2,31.38,Gravimetric
33303,Q,BLP1,QBLP1,107.28,Gravimetric
33303,Q,P1P2,QP1P2,41.23,Gravimetric
33308,R,BLP1,RBLP1,51.49,Gravimetric
33309,R,P1,RP1,116.33,Gravimetric
33309,R,P2,RP2,104.08,Gravimetric
33311,Q,BLP1,QBLP1,11.69,Gravimetric
33311,Q,P1P2,QP1P2,44.49,Gravimetric
33311,Q,P2B1,QP2B1,24.33,Gravimetric
33325,R,BLP1,RBLP1,181.91,Gravimetric
33325,R,P2B1,RP2B1,47.70,Gravimetric
33326,Q,P1,QP1,33.87,Gravimetric
33326,Q,P2,QP2,27.71,Gravimetric
33330,R,BLP1,RBLP1,92.16,Gravimetric
33330,R,P1P2,RP1P2,37.09,Gravimetric
33330,R,P2B1,RP2B1,24.65,Gravimetric
33334,R,P1,RP1,40.47,Gravimetric
33334,R,P2,RP2,49.99,Gravimetric
33336,Q,BLP1,QBLP1,23.55,Gravimetric
33336,Q,P1P2,QP1P2,11.91,Gravimetric
33336,Q,P2B1,QP2B1,22.41,Gravimetric
33337,Q,P1,QP1,15.08,Gravimetric
33353,R,P2,RP2,65.52,Gravimetric
33358,R,P2,RP2,67.71,Gravimetric
33363,R,BLP1,RBLP1,26.78,Gravimetric
33363,R,P1P2,RP1P2,21.97,Gravimetric
33363,R,P2B1,RP2B1,11.93,Gravimetric
33367,R,BLP1,RBLP1,126.47,Gravimetric
33367,R,P1P2,RP1P2,47.90,Gravimetric
33367,R,P2B1,RP2B1,72.74,Gravimetric
33370,Q,BLP1,QBLP1,17.32,Gravimetric
33370,Q,P1P2,QP1P2,29.46,Gravimetric
33370,Q,P2B1,QP2B1,18.75,Gravimetric
33383,Q,P1,QP1,10.67,Gravimetric
33383,Q,P2,QP2,25.57,Gravimetric
33387,R,BLP1,RBLP1,134.14,Gravimetric
33387,R,P1P2,RP1P2,205.72,Gravimetric
33387,R,P2B1,RP2B1,76.57,Gravimetric
33396,R,P1P2,RP1P2,136.70,Gravimetric
33396,R,P2B1,RP2B1,92.51,Gravimetric
33397,Q,BLP1,QBLP1,11.43,Gravimetric
33397,Q,P1P2,QP1P2,23.13,Gravimetric
33397,Q,P2B1,QP2B1,11.50,Gravimetric
33420,R,P2,RP2,39.65,Gravimetric
33432,Q,BLP1,QBLP1,58.69,Gravimetric
33444,Q,P2,QP2,10.84,Gravimetric
33447,Q,BLP1,QBLP1,11.81,Gravimetric
33447,Q,P1P2,QP1P2,20.99,Gravimetric
33447,Q,P2B1,QP2B1,11.87,Gravimetric
33452,Q,P1,QP1,18.50,Gravimetric
33457,R,BLP1,RBLP1,336.29,Gravimetric
33457,R,P1P2,RP1P2,187.94,Gravimetric
33459,Q,BLP1,QBLP1,11.56,Gravimetric
33459,Q,P1P2,QP1P2,19.07,Gravimetric
33459,Q,P2B1,QP2B1,39.83,Gravimetric
33470,R,P1P2,RP1P2,101.00,Gravimetric
33470,R,P2B1,RP2B1,268.58,Gravimetric
33475,Q,BLP1,QBLP1,18.66,Gravimetric
33475,Q,P2B1,QP2B1,31.59,Gravimetric
33484,R,P1P2,RP1P2,53.82,Gravimetric
33484,R,P2B1,RP2B1,48.70,Gravimetric
33489,R,P1,RP1,123.38,Gravimetric
33489,R,P2,RP2,317.32,Gravimetric
33493,Q,P1,QP1,10.80,Gravimetric
33495,R,P1,RP1,17.40,Gravimetric
33497,Q,BLP1,QBLP1,11.76,Gravimetric
33497,Q,P2B1,QP2B1,12.42,Gravimetric
33505,Q,BLP1,QBLP1,67.48,Gravimetric
33505,Q,P2,QP2,21.20,Gravimetric
33517,Q,P1,QP1,52.83,Gravimetric
33517,Q,P2,QP2,33.44,Gravimetric
33519,R,BLP1,RBLP1,174.63,Gravimetric
33519,R,P1P2,RP1P2,179.54,Gravimetric
33519,R,P2B1,RP2B1,273.38,Gravimetric
33521,R,P2,RP2,95.35,Gravimetric
33524,R,BLP1,RBLP1,99.08,Gravimetric
33524,R,P1P2,RP1P2,151.96,Gravimetric
33529,Q,P2,QP2,11.14,Gravimetric
33537,R,BLP1,RBLP1,68.46,Gravimetric
33537,R,P2B1,RP2B1,116.22,Gravimetric
33543,Q,BLP1,QBLP1,13.53,Gravimetric
33543,Q,P1P2,QP1P2,29.17,Gravimetric
33547,Q,P1,QP1,39.68,Gravimetric
33547,Q,P2,QP2,15.06,Gravimetric
33549,Q,P1P2,QP1P2,11.91,Gravimetric
33559,R,P1,RP1,49.21,Gravimetric
33562,R,P1,RP1,127.16,Gravimetric
33562,R,P2,RP2,224.20,Gravimetric
33568,Q,P2B1,QP2B1,13.12,Gravimetric
33570,Q,P1,QP1,23.97,Gravimetric
33570,Q,P2,QP2,20.39,Gravimetric
33570,Q,P2B1,QP2B1,32.02,Gravimetric
33573,R,BLP1,RBLP1,144.45,Gravimetric
33587,Q,P1,QP1,33.04,Gravimetric
35014,R,BL,RBL,98.78,Gravimetric
35014,R,P1,RP1,86.00,Gravimetric
35025,R,BL,RBL,169.34,Gravimetric
35032,R,BL,RBL,102.31,Gravimetric
35038,Q,P2,QP2,82.32,Gravimetric
35041,Q,BL,QBL,48.73,Gravimetric
35047,R,P1,RP1,17.85,Gravimetric
35053,R,BL,RBL,90.60,Gravimetric
35053,R,P1,RP1,97.14,Gravimetric
35053,R,P2,RP2,57.92,Gravimetric
35090,R,BLP1,RBLP1,23.50,Gravimetric
35090,R,P1P2,RP1P2,47.65,Gravimetric
35092,Q,P1,QP1,33.48,Gravimetric
35092,Q,P2,QP2,26.79,Gravimetric
35100,R,P1,RP1,70.66,Gravimetric
35100,R,P2,RP2,77.49,Gravimetric
35101,Q,P1,QP1,21.14,Gravimetric
35101,Q,P2,QP2,10.55,Gravimetric
35104,R,BLP1,RBLP1,182.41,Gravimetric
35104,R,P1P2,RP1P2,148.70,Gravimetric
35121,Q,BLP1,QBLP1,11.65,Gravimetric
35121,Q,P1P2,QP1P2,11.85,Gravimetric
35124,R,P1,RP1,221.66,Gravimetric
35128,R,P1,RP1,44.24,Gravimetric
35128,R,P2,RP2,30.89,Gravimetric
33016,R,BL,RBL,366.46,Nephelometric
33016,R,P1,RP1,302.12,Nephelometric
33016,R,P2,RP2,245.16,Nephelometric
33026,Q,P2,QP2,22.62,Nephelometric
33027,R,BL,RBL,464.99,Nephelometric
33029,R,BL,RBL,45.45,Nephelometric
33029,R,P1,RP1,66.48,Nephelometric
33029,R,P2,RP2,66.05,Nephelometric
33038,R,BL,RBL,150.50,Nephelometric
33038,R,P1,RP1,58.53,Nephelometric
33038,R,P2,RP2,212.27,Nephelometric
33042,R,BL,RBL,44.97,Nephelometric
33042,R,P1,RP1,46.12,Nephelometric
33042,R,P2,RP2,135.65,Nephelometric
33058,R,BL,RBL,131.90,Nephelometric
33058,R,P1,RP1,240.18,Nephelometric
33058,R,P2,RP2,136.93,Nephelometric
33067,Q,BL,QBL,362.91,Nephelometric
33067,Q,P1,QP1,36.16,Nephelometric
33067,Q,P2,QP2,22.54,Nephelometric
33081,Q,BL,QBL,83.65,Nephelometric
33081,Q,P1,QP1,19.10,Nephelometric
33081,Q,P2,QP2,20.69,Nephelometric
33089,Q,BL,QBL,136.18,Nephelometric
33089,Q,P1,QP1,16.84,Nephelometric
33089,Q,P2,QP2,12.51,Nephelometric
33103,Q,BL,QBL,165.10,Nephelometric
33103,Q,P1,QP1,71.06,Nephelometric
33111,Q,BL,QBL,600.34,Nephelometric
33111,Q,P1,QP1,45.93,Nephelometric
33129,R,BL,RBL,153.73,Nephelometric
33129,R,P1,RP1,93.75,Nephelometric
33141,R,BL,RBL,26.83,Nephelometric
33141,R,P1,RP1,119.81,Nephelometric
33147,Q,P2,QP2,16.85,Nephelometric
33152,Q,BL,QBL,38.65,Nephelometric
33152,Q,P1,QP1,24.93,Nephelometric
33167,Q,BL,QBL,62.69,Nephelometric
33167,Q,P1,QP1,15.09,Nephelometric
33169,R,P2,RP2,59.46,Nephelometric
33176,R,BL,RBL,172.75,Nephelometric
33176,R,P1,RP1,76.41,Nephelometric
33176,R,P2,RP2,42.29,Nephelometric
33180,R,BL,RBL,146.38,Nephelometric
33180,R,P1,RP1,107.53,Nephelometric
33180,R,P2,RP2,131.35,Nephelometric
33191,Q,BL,QBL,117.45,Nephelometric
33191,Q,P1,QP1,20.39,Nephelometric
33195,R,BL,RBL,70.45,Nephelometric
33195,R,P2,RP2,48.07,Nephelometric
33199,Q,BL,QBL,116.36,Nephelometric
33199,Q,P1,QP1,29.72,Nephelometric
33199,Q,P2,QP2,19.39,Nephelometric
33209,Q,P2,QP2,18.61,Nephelometric
33226,R,BL,RBL,191.05,Nephelometric
33226,R,BLP1,RBLP1,61.17,Nephelometric
33226,R,P1P2,RP1P2,64.23,Nephelometric
33226,R,P2,RP2,35.23,Nephelometric
33226,R,P2B1,RP2B1,47.58,Nephelometric
33227,R,BLP1,RBLP1,294.06,Nephelometric
33227,R,P1P2,RP1P2,262.65,Nephelometric
33227,R,P2B1,RP2B1,190.70,Nephelometric
33228,R,P1,RP1,103.08,Nephelometric
33235,R,P1,RP1,104.47,Nephelometric
33235,R,P2,RP2,111.22,Nephelometric
33242,R,BL,RBL,175.81,Nephelometric
33242,R,P1,RP1,89.06,Nephelometric
33242,R,P2,RP2,56.32,Nephelometric
33244,Q,BLP1,QBLP1,21.31,Nephelometric
33244,Q,P1P2,QP1P2,16.29,Nephelometric
33244,Q,P2B1,QP2B1,15.06,Nephelometric
33246,R,P2,RP2,241.15,Nephelometric
33247,R,BL,RBL,70.40,Nephelometric
33247,R,P2,RP2,88.29,Nephelometric
33248,Q,BLP1,QBLP1,23.88,Nephelometric
33252,R,BLP1,RBLP1,106.62,Nephelometric
33252,R,P1P2,RP1P2,269.60,Nephelometric
33252,R,P2B1,RP2B1,399.02,Nephelometric
33260,R,P1,RP1,60.14,Nephelometric
33260,R,P2,RP2,215.43,Nephelometric
33263,R,BL,RBL,115.55,Nephelometric
33263,R,P1,RP1,56.39,Nephelometric
33263,R,P2,RP2,27.89,Nephelometric
33269,Q,P1,QP1,21.52,Nephelometric
33277,R,P1,RP1,27.76,Nephelometric
33286,R,BL,RBL,725.50,Nephelometric
33286,R,P2,RP2,471.32,Nephelometric
33287,Q,BLP1,QBLP1,20.04,Nephelometric
33287,Q,P1P2,QP1P2,15.06,Nephelometric
33288,Q,P1,QP1,22.63,Nephelometric
33288,Q,P2,QP2,24.37,Nephelometric
33294,R,P2,RP2,141.27,Nephelometric
33296,R,BLP1,RBLP1,41.65,Nephelometric
33296,R,P1P2,RP1P2,302.84,Nephelometric
33296,R,P2B1,RP2B1,114.66,Nephelometric
33298,Q,BLP1,QBLP1,53.94,Nephelometric
33298,Q,P1P2,QP1P2,39.92,Nephelometric
33298,Q,P2B1,QP2B1,21.31,Nephelometric
33301,Q,P2,QP2,36.95,Nephelometric
33303,Q,BLP1,QBLP1,55.37,Nephelometric
33303,Q,P1P2,QP1P2,44.07,Nephelometric
33308,R,BLP1,RBLP1,180.59,Nephelometric
33309,R,P1,RP1,104.55,Nephelometric
33309,R,P2,RP2,77.19,Nephelometric
33311,Q,BLP1,QBLP1,23.88,Nephelometric
33311,Q,P1P2,QP1P2,15.06,Nephelometric
33311,Q,P2B1,QP2B1,18.78,Nephelometric
33325,R,BLP1,RBLP1,192.38,Nephelometric
33325,R,P2B1,RP2B1,47.58,Nephelometric
33326,Q,P1,QP1,25.05,Nephelometric
33326,Q,P2,QP2,30.65,Nephelometric
33330,R,BLP1,RBLP1,56.61,Nephelometric
33330,R,P1P2,RP1P2,32.89,Nephelometric
33330,R,P2B1,RP2B1,44.61,Nephelometric
33334,R,P1,RP1,38.84,Nephelometric
33334,R,P2,RP2,46.64,Nephelometric
33336,Q,BLP1,QBLP1,16.29,Nephelometric
33336,Q,P1P2,QP1P2,15.06,Nephelometric
33336,Q,P2B1,QP2B1,16.29,Nephelometric
33337,Q,P1,QP1,15.45,Nephelometric
33353,R,P2,RP2,52.99,Nephelometric
33358,R,P2,RP2,63.12,Nephelometric
33363,R,BLP1,RBLP1,21.54,Nephelometric
33363,R,P1P2,RP1P2,20.16,Nephelometric
33363,R,P2B1,RP2B1,24.34,Nephelometric
33367,R,BLP1,RBLP1,92.28,Nephelometric
33367,R,P1P2,RP1P2,50.58,Nephelometric
33367,R,P2B1,RP2B1,62.70,Nephelometric
33370,Q,BLP1,QBLP1,30.44,Nephelometric
33370,Q,P1P2,QP1P2,29.12,Nephelometric
33370,Q,P2B1,QP2B1,23.88,Nephelometric
33383,Q,P1,QP1,21.86,Nephelometric
33383,Q,P2,QP2,22.10,Nephelometric
33387,R,BLP1,RBLP1,84.40,Nephelometric
33387,R,P1P2,RP1P2,325.78,Nephelometric
33387,R,P2B1,RP2B1,111.43,Nephelometric
33396,R,P1P2,RP1P2,90.70,Nephelometric
33396,R,P2B1,RP2B1,84.40,Nephelometric
33397,Q,BLP1,QBLP1,13.84,Nephelometric
33397,Q,P1P2,QP1P2,23.88,Nephelometric
33397,Q,P2B1,QP2B1,13.84,Nephelometric
33420,R,P2,RP2,30.27,Nephelometric
33432,Q,BLP1,QBLP1,71.36,Nephelometric
33437,R,P1,RP1,90.87,Nephelometric
33444,Q,P1,QP1,25.17,Nephelometric
33444,Q,P2,QP2,16.81,Nephelometric
33447,Q,BLP1,QBLP1,16.29,Nephelometric
33447,Q,P1P2,QP1P2,17.53,Nephelometric
33447,Q,P2B1,QP2B1,20.04,Nephelometric
33452,Q,P1,QP1,67.45,Nephelometric
33457,R,BLP1,RBLP1,269.60,Nephelometric
33457,R,P1P2,RP1P2,224.70,Nephelometric
33459,Q,BLP1,QBLP1,16.29,Nephelometric
33459,Q,P1P2,QP1P2,18.78,Nephelometric
33470,R,P1P2,RP1P2,97.04,Nephelometric
33470,R,P2B1,RP2B1,168.87,Nephelometric
33475,Q,BLP1,QBLP1,26.48,Nephelometric
33475,Q,P1P2,QP1P2,23.88,Nephelometric
33475,Q,P2B1,QP2B1,51.10,Nephelometric
33484,R,BLP1,RBLP1,30.02,Nephelometric
33484,R,P1P2,RP1P2,38.71,Nephelometric
33484,R,P2B1,RP2B1,76.58,Nephelometric
33489,R,P1,RP1,120.60,Nephelometric
33489,R,P2,RP2,418.68,Nephelometric
33493,Q,P1,QP1,20.62,Nephelometric
33495,R,P1,RP1,19.81,Nephelometric
33497,Q,BLP1,QBLP1,18.78,Nephelometric
33497,Q,P2B1,QP2B1,17.53,Nephelometric
33505,Q,BLP1,QBLP1,61.12,Nephelometric
33505,Q,P2,QP2,17.05,Nephelometric
33517,Q,P1,QP1,54.06,Nephelometric
33517,Q,P2,QP2,33.34,Nephelometric
33519,R,BLP1,RBLP1,325.78,Nephelometric
33519,R,P1P2,RP1P2,155.56,Nephelometric
33519,R,P2B1,RP2B1,219.57,Nephelometric
33521,R,P2,RP2,38.96,Nephelometric
33524,R,BLP1,RBLP1,75.03,Nephelometric
33524,R,P1P2,RP1P2,111.43,Nephelometric
33529,Q,P2,QP2,28.40,Nephelometric
33537,R,BLP1,RBLP1,43.13,Nephelometric
33537,R,P2B1,RP2B1,202.54,Nephelometric
33543,Q,BLP1,QBLP1,15.06,Nephelometric
33543,Q,P1P2,QP1P2,37.18,Nephelometric
33547,Q,P1,QP1,32.61,Nephelometric
33547,Q,P2,QP2,17.66,Nephelometric
33549,Q,P1P2,QP1P2,23.88,Nephelometric
33559,R,P1,RP1,49.03,Nephelometric
33562,R,P1,RP1,129.94,Nephelometric
33562,R,P2,RP2,204.74,Nephelometric
33568,Q,P2B1,QP2B1,22.59,Nephelometric
33570,Q,P1,QP1,24.68,Nephelometric
33570,Q,P2,QP2,17.37,Nephelometric
33570,Q,P2B1,QP2B1,22.59,Nephelometric
33573,R,BLP1,RBLP1,98.63,Nephelometric
33587,Q,P1,QP1,24.61,Nephelometric
35014,R,BL,RBL,63.19,Nephelometric
35014,R,P1,RP1,86.90,Nephelometric
35025,R,BL,RBL,126.23,Nephelometric
35032,R,BL,RBL,67.09,Nephelometric
35038,Q,P2,QP2,45.22,Nephelometric
35041,Q,BL,QBL,37.29,Nephelometric
35047,R,P1,RP1,34.32,Nephelometric
35053,R,BL,RBL,80.58,Nephelometric
35053,R,P1,RP1,83.05,Nephelometric
35053,R,P2,RP2,78.20,Nephelometric
35090,R,BLP1,RBLP1,24.34,Nephelometric
35090,R,P1P2,RP1P2,41.65,Nephelometric
35092,Q,P1,QP1,53.92,Nephelometric
35092,Q,P2,QP2,25.31,Nephelometric
35100,R,P1,RP1,63.73,Nephelometric
35100,R,P2,RP2,79.59,Nephelometric
35101,Q,P2,QP2,23.51,Nephelometric
35104,R,BLP1,RBLP1,205.94,Nephelometric
35104,R,P1P2,RP1P2,170.54,Nephelometric
35104,R,P2B1,RP2B1,127.62,Nephelometric
35121,Q,BLP1,QBLP1,35.82,Nephelometric
35121,Q,P1P2,QP1P2,15.06,Nephelometric
35124,R,P1,RP1,264.96,Nephelometric
35127,R,P2B1,RP2B1,550.86,Nephelometric
35128,R,P1,RP1,46.94,Nephelometric
35128,R,P2,RP2,37.75,Nephelometric
33016,R,BL,RBL,413.45,Nephelometric
33016,R,P1,RP1,305.56,Nephelometric
33016,R,P2,RP2,229.74,Nephelometric
33026,Q,P2,QP2,17.86,Nephelometric
33027,R,BL,RBL,462.74,Nephelometric
33029,R,BL,RBL,51.34,Nephelometric
33029,R,P1,RP1,48.07,Nephelometric
33029,R,P2,RP2,42.65,Nephelometric
33038,R,BL,RBL,186.49,Nephelometric
33038,R,P1,RP1,57.96,Nephelometric
33038,R,P2,RP2,178.71,Nephelometric
33042,R,BL,RBL,55.01,Nephelometric
33042,R,P1,RP1,47.26,Nephelometric
33042,R,P2,RP2,122.99,Nephelometric
33058,R,BL,RBL,167.35,Nephelometric
33058,R,P1,RP1,250.53,Nephelometric
33058,R,P2,RP2,131.06,Nephelometric
33067,Q,BL,QBL,508.31,Nephelometric
33067,Q,P1,QP1,38.37,Nephelometric
33067,Q,P2,QP2,17.30,Nephelometric
33081,Q,BL,QBL,86.56,Nephelometric
33081,Q,P1,QP1,18.59,Nephelometric
33081,Q,P2,QP2,32.10,Nephelometric
33089,Q,BL,QBL,159.74,Nephelometric
33089,Q,P1,QP1,16.81,Nephelometric
33089,Q,P2,QP2,19.27,Nephelometric
33103,Q,BL,QBL,245.71,Nephelometric
33103,Q,P1,QP1,53.20,Nephelometric
33111,Q,BL,QBL,599.06,Nephelometric
33111,Q,P1,QP1,47.61,Nephelometric
33129,R,BL,RBL,134.89,Nephelometric
33129,R,P1,RP1,90.28,Nephelometric
33141,R,BL,RBL,30.96,Nephelometric
33141,R,P1,RP1,95.16,Nephelometric
33147,Q,P2,QP2,24.70,Nephelometric
33152,Q,BL,QBL,27.18,Nephelometric
33152,Q,P1,QP1,29.64,Nephelometric
33167,Q,BL,QBL,70.27,Nephelometric
33167,Q,P1,QP1,15.60,Nephelometric
33169,R,P2,RP2,65.54,Nephelometric
33176,R,BL,RBL,183.06,Nephelometric
33176,R,P1,RP1,69.48,Nephelometric
33176,R,P2,RP2,40.49,Nephelometric
33180,R,BL,RBL,141.94,Nephelometric
33180,R,P1,RP1,97.30,Nephelometric
33180,R,P2,RP2,130.38,Nephelometric
33191,Q,BL,QBL,89.94,Nephelometric
33191,Q,P1,QP1,19.75,Nephelometric
33195,R,BL,RBL,76.81,Nephelometric
33195,R,P2,RP2,39.79,Nephelometric
33199,Q,BL,QBL,92.01,Nephelometric
33199,Q,P1,QP1,32.16,Nephelometric
33199,Q,P2,QP2,26.33,Nephelometric
33209,Q,P2,QP2,15.83,Nephelometric
33226,R,BL,RBL,203.85,Nephelometric
33226,R,BLP1,RBLP1,50.58,Nephelometric
33226,R,P1P2,RP1P2,61.17,Nephelometric
33226,R,P2,RP2,40.58,Nephelometric
33226,R,P2B1,RP2B1,38.71,Nephelometric
33227,R,BLP1,RBLP1,24.34,Nephelometric
33227,R,P1P2,RP1P2,236.72,Nephelometric
33227,R,P2B1,RP2B1,168.87,Nephelometric
33228,R,P1,RP1,93.32,Nephelometric
33235,R,P1,RP1,129.08,Nephelometric
33235,R,P2,RP2,138.93,Nephelometric
33242,R,BL,RBL,182.86,Nephelometric
33242,R,P1,RP1,85.28,Nephelometric
33242,R,P2,RP2,51.11,Nephelometric
33244,Q,BLP1,QBLP1,18.78,Nephelometric
33244,Q,P1P2,QP1P2,15.06,Nephelometric
33244,Q,P2B1,QP2B1,16.29,Nephelometric
33246,R,P2,RP2,242.79,Nephelometric
33247,R,BL,RBL,77.20,Nephelometric
33247,R,P2,RP2,66.48,Nephelometric
33248,Q,BLP1,QBLP1,26.48,Nephelometric
33252,R,BLP1,RBLP1,135.79,Nephelometric
33252,R,P1P2,RP1P2,262.65,Nephelometric
33252,R,P2B1,RP2B1,336.41,Nephelometric
33260,R,P1,RP1,37.59,Nephelometric
33260,R,P2,RP2,221.26,Nephelometric
33263,R,BL,RBL,78.51,Nephelometric
33263,R,P1,RP1,55.52,Nephelometric
33263,R,P2,RP2,32.06,Nephelometric
33269,Q,P1,QP1,24.93,Nephelometric
33277,R,P1,RP1,43.20,Nephelometric
33286,R,BL,RBL,564.44,Nephelometric
33286,R,P2,RP2,359.27,Nephelometric
33287,Q,BLP1,QBLP1,25.18,Nephelometric
33287,Q,P1P2,QP1P2,16.29,Nephelometric
33288,Q,P1,QP1,24.96,Nephelometric
33288,Q,P2,QP2,19.50,Nephelometric
33294,R,P2,RP2,110.88,Nephelometric
33296,R,BLP1,RBLP1,40.18,Nephelometric
33296,R,P1P2,RP1P2,350.64,Nephelometric
33296,R,P2B1,RP2B1,114.66,Nephelometric
33298,Q,BLP1,QBLP1,44.07,Nephelometric
33298,Q,P1P2,QP1P2,45.47,Nephelometric
33298,Q,P2B1,QP2B1,18.78,Nephelometric
33301,Q,P2,QP2,31.22,Nephelometric
33303,Q,BLP1,QBLP1,66.95,Nephelometric
33303,Q,P1P2,QP1P2,34.47,Nephelometric
33308,R,BLP1,RBLP1,68.84,Nephelometric
33309,R,P1,RP1,87.01,Nephelometric
33309,R,P2,RP2,54.30,Nephelometric
33311,Q,BLP1,QBLP1,21.31,Nephelometric
33311,Q,P1P2,QP1P2,17.53,Nephelometric
33311,Q,P2B1,QP2B1,22.59,Nephelometric
33325,R,BLP1,RBLP1,173.89,Nephelometric
33325,R,P2B1,RP2B1,44.61,Nephelometric
33326,Q,P1,QP1,27.50,Nephelometric
33326,Q,P2,QP2,19.18,Nephelometric
33330,R,BLP1,RBLP1,47.58,Nephelometric
33330,R,P1P2,RP1P2,46.09,Nephelometric
33330,R,P2B1,RP2B1,28.59,Nephelometric
33334,R,P1,RP1,37.40,Nephelometric
33334,R,P2,RP2,49.98,Nephelometric
33336,Q,BLP1,QBLP1,13.84,Nephelometric
33336,Q,P1P2,QP1P2,17.53,Nephelometric
33336,Q,P2B1,QP2B1,13.84,Nephelometric
33337,Q,P1,QP1,23.19,Nephelometric
33353,R,P2,RP2,51.76,Nephelometric
33358,R,P2,RP2,59.58,Nephelometric
33363,R,BLP1,RBLP1,21.54,Nephelometric
33363,R,P1P2,RP1P2,20.16,Nephelometric
33363,R,P2B1,RP2B1,16.05,Nephelometric
33367,R,BLP1,RBLP1,70.38,Nephelometric
33367,R,P1P2,RP1P2,44.61,Nephelometric
33367,R,P2B1,RP2B1,49.08,Nephelometric
33370,Q,BLP1,QBLP1,27.80,Nephelometric
33370,Q,P1P2,QP1P2,21.31,Nephelometric
33370,Q,P2B1,QP2B1,20.04,Nephelometric
33383,Q,P1,QP1,21.86,Nephelometric
33383,Q,P2,QP2,19.84,Nephelometric
33387,R,BLP1,RBLP1,103.41,Nephelometric
33387,R,P1P2,RP1P2,301.08,Nephelometric
33387,R,P2B1,RP2B1,67.30,Nephelometric
33396,R,P1P2,RP1P2,109.83,Nephelometric
33396,R,P2B1,RP2B1,93.86,Nephelometric
33397,Q,BLP1,QBLP1,12.64,Nephelometric
33397,Q,P1P2,QP1P2,30.44,Nephelometric
33397,Q,P2B1,QP2B1,12.64,Nephelometric
33420,R,P2,RP2,40.21,Nephelometric
33432,Q,BLP1,QBLP1,38.55,Nephelometric
33437,R,P1,RP1,72.43,Nephelometric
33444,Q,P1,QP1,28.05,Nephelometric
33444,Q,P2,QP2,18.25,Nephelometric
33447,Q,BLP1,QBLP1,18.78,Nephelometric
33447,Q,P1P2,QP1P2,20.04,Nephelometric
33447,Q,P2B1,QP2B1,18.78,Nephelometric
33452,Q,P1,QP1,13.28,Nephelometric
33457,R,BLP1,RBLP1,313.41,Nephelometric
33457,R,P1P2,RP1P2,144.00,Nephelometric
33459,Q,BLP1,QBLP1,23.88,Nephelometric
33459,Q,P1P2,QP1P2,18.78,Nephelometric
33470,R,P1P2,RP1P2,97.04,Nephelometric
33470,R,P2B1,RP2B1,153.91,Nephelometric
33475,Q,BLP1,QBLP1,23.88,Nephelometric
33475,Q,P1P2,QP1P2,26.48,Nephelometric
33475,Q,P2B1,QP2B1,49.68,Nephelometric
33484,R,BLP1,RBLP1,30.02,Nephelometric
33484,R,P1P2,RP1P2,49.08,Nephelometric
33484,R,P2B1,RP2B1,65.76,Nephelometric
33489,R,P1,RP1,111.77,Nephelometric
33489,R,P2,RP2,384.42,Nephelometric
33493,Q,P1,QP1,22.59,Nephelometric
33495,R,P1,RP1,22.35,Nephelometric
33497,Q,BLP1,QBLP1,15.06,Nephelometric
33497,Q,P2B1,QP2B1,16.29,Nephelometric
33505,Q,BLP1,QBLP1,58.24,Nephelometric
33505,Q,P2,QP2,18.11,Nephelometric
33517,Q,P1,QP1,38.84,Nephelometric
33517,Q,P2,QP2,30.08,Nephelometric
33519,R,BLP1,RBLP1,252.25,Nephelometric
33519,R,P1P2,RP1P2,150.60,Nephelometric
33519,R,P2B1,RP2B1,255.71,Nephelometric
33521,R,P2,RP2,58.34,Nephelometric
33524,R,BLP1,RBLP1,79.70,Nephelometric
33524,R,P1P2,RP1P2,79.70,Nephelometric
33529,Q,P2,QP2,24.03,Nephelometric
33537,R,BLP1,RBLP1,46.09,Nephelometric
33537,R,P2B1,RP2B1,119.50,Nephelometric
33543,Q,BLP1,QBLP1,12.64,Nephelometric
33543,Q,P1P2,QP1P2,46.87,Nephelometric
33547,Q,P1,QP1,39.30,Nephelometric
33547,Q,P2,QP2,21.03,Nephelometric
33549,Q,P1P2,QP1P2,22.59,Nephelometric
33559,R,P1,RP1,38.24,Nephelometric
33562,R,P1,RP1,122.30,Nephelometric
33562,R,P2,RP2,205.04,Nephelometric
33568,Q,P2B1,QP2B1,17.53,Nephelometric
33570,Q,P1,QP1,24.88,Nephelometric
33570,Q,P2,QP2,23.57,Nephelometric
33570,Q,P2B1,QP2B1,23.88,Nephelometric
33573,R,BLP1,RBLP1,121.12,Nephelometric
33587,Q,P1,QP1,18.57,Nephelometric
35014,R,BL,RBL,72.35,Nephelometric
35014,R,P1,RP1,91.56,Nephelometric
35025,R,BL,RBL,116.50,Nephelometric
35032,R,BL,RBL,61.36,Nephelometric
35038,Q,P2,QP2,93.34,Nephelometric
35041,Q,BL,QBL,43.42,Nephelometric
35047,R,P1,RP1,23.31,Nephelometric
35053,R,BL,RBL,94.35,Nephelometric
35053,R,P1,RP1,70.22,Nephelometric
35053,R,P2,RP2,44.00,Nephelometric
35090,R,BLP1,RBLP1,24.34,Nephelometric
35090,R,P1P2,RP1P2,49.08,Nephelometric
35092,Q,P1,QP1,50.09,Nephelometric
35092,Q,P2,QP2,25.69,Nephelometric
35100,R,P1,RP1,67.19,Nephelometric
35100,R,P2,RP2,80.01,Nephelometric
35101,Q,P2,QP2,19.14,Nephelometric
35104,R,BLP1,RBLP1,226.42,Nephelometric
35104,R,P1P2,RP1P2,144.00,Nephelometric
35104,R,P2B1,RP2B1,157.22,Nephelometric
35121,Q,BLP1,QBLP1,17.53,Nephelometric
35121,Q,P1P2,QP1P2,16.29,Nephelometric
35124,R,P1,RP1,286.24,Nephelometric
35127,R,P2B1,RP2B1,582.46,Nephelometric
35128,R,P1,RP1,36.45,Nephelometric
35128,R,P2,RP2,44.84,Nephelometric
